pid,vid,brand_en,brand_zh,name_en,name_zh
0x3002,0x36E9,CANDYSIGN,制糖工厂,SlimBolt 40Gbps,SlimBolt 40Gbps
0x3000,0x36E9,CANDYSIGN,制糖工厂,MagTie,MagTie
0x3001,0x36E9,CANDYSIGN,制糖工厂,CloudTie,CloudTie
0x3003,0x36E9,CANDYSIGN,制糖工厂,SlimBolt 80Gbps,SlimBolt 80Gbps
0x4054,0x2B01,CUKTECH,酷态科,240W 6A,240W 6A
0x4052,0x2B01,CUKTECH,酷态科,240W,240W
0x402B,0x2B01,CUKTECH,酷态科,100W,100W
0x8895,0x291A,Anker,Anker,Anker A8895,Anker A8895
0x88E2,0x291A,Anker,Anker,Anker A88E2,Anker A88E2
0xA8F6,0x291A,Anker,Anker,Anker A80E2,Anker A80E2
0x720A,0x5AC,Apple,Apple,Thunderbolt 5 Pro,Thunderbolt 5 Pro
0x7201,0x5AC,Apple,Apple,USB Cable,USB Cable
0x3004,0x36E9,CANDYSIGN,制糖工厂,ArtTie,ArtTie
0x3005,0x36E9,CANDYSIGN,制糖工厂,MagTie,MagTie
0x3006,0x36E9,CANDYSIGN,制糖工厂,MagTie,MagTie
0x3007,0x36E9,CANDYSIGN,制糖工厂,MagTie,MagTie
0x3008,0x36E9,CANDYSIGN,制糖工厂,MagTie,MagTie
0x4091,0x2B01,CUKTECH,酷态科,No 6 Magnetic Cable,酷态科 6 号磁吸数显线
0x4051,0x2B01,CUKTECH,酷态科,CUKTECH 240W,酷态科 240W
0x4060,0x2B01,CUKTECH,酷态科,CUKTECH 6A,酷态科 6A
0xA706,0x17EF,Lenovo,Lenovo,Lenovo,Lenovo
0x7800,0x5AC,Apple,Apple,Apple,Apple
0x8060,0x291A,Anker,Anker,Anker Z 240W,Anker Z 240W
